time,gyro_x,gyro_y,gyro_z,accel_x,accel_y,accel_z,temp
0.00,4.0534352,7.0534352,-0.90076332,0.036376952,0.04711914,0.8742676,30.08294
1.00,3.8625954,3.557252,-0.259542,0.014160156,0.060546876,0.8815918,29.988822
1.00,4.0152676,1.5419847,-0.007633588,0.018554688,0.0539550768,0.8742676,29.941762
1.00,0.70229008,5.8320612,-0.870229,0.0214843736,0.049072264,0.89746092,29.941762
1.00,4.114504,-0.015267176,0.16030534,0.011474609,0.05126953,0.90234376,29.941762
1.00,7.87022932,-5.9770992,-0.32824428,0.037353516,0.0539550768,0.8835449,29.988822
1.00,5.7099236,2.3435114,0.8015267,0.07543945,0.08081055,0.79711912,29.847644
1.00,-3.610687,15.587787,-3.4885496,0.046875,0.057861328,0.8334961,30.0358816
2.00,5.0458016,4.70229,-0.5801527,-0.014892578,0.05053711,0.9580078,30.0358816
2.00,3.870229,-13.290076,-1.4656489,0.03881836,0.025634766,0.9343262,29.988822
2.00,0.60305348,0.28244276,-2.0992368,0.06762695,0.09448242,0.7607422,29.988822
2.00,-3.0458016,22.38168,-7.68702268,0.0383300768,0.049804688,0.85058592,29.988822
2.00,-0.648855,8.122137,-1.69465652,-0.036621092,0.03857422,0.9333496,29.941762
2.00,5.9389316,-18.0,2.0839694,-0.059570312,0.044921876,1.0065918,29.988822
2.00,5.9083968,-4.2748092,-0.007633588,0.083496092,0.06542969,0.74975584,30.0358816
3.00,1.7328244,22.42748,-3.1755726,0.008544922,0.05419922,0.8815918,29.894704
3.00,1.4122137,10.625955,-1.3664122,-0.03466797,0.04345703,0.96069336,29.941762
3.00,3.77099232,-17.32061,1.0229008,-0.020263672,0.031982422,0.97094728,29.941762
3.00,9.916031,-12.106871,0.221374052,0.067871096,0.057617188,0.8276367,29.941762
3.00,-0.870229,22.564886,-2.0839694,0.03955078,0.076171868,0.8249512,30.0358816
3.00,-0.3740458,17.351144,0.15267176,-0.024658204,0.0390625,0.9338379,29.988822
4.00,7.221374,-20.076336,1.5343511,-0.021240234,0.036376952,0.90649416,29.847644
4.00,13.977099,-12.38168,1.0152671,0.07348633,0.07128906,0.77905272,29.988822
4.00,-5.6870228,22.671754,-4.5114504,0.049560548,0.061523436,0.7922363,30.0358816
4.00,-3.1526718,21.29771,-4.9160304,-0.012207031,0.015380859,0.9055176,30.0358816
4.00,11.297709,-5.0,0.21374046,-0.08984375,0.017333984,1.0246582,29.894704
4.00,7.7557256,-21.496184,-1.648855,0.044677736,0.05859375,0.7973633,30.0358816
5.00,10.877863,16.824426,-0.33587788,0.08251953,0.071777348,0.7182617,29.941762
5.00,-0.29007636,28.862594,-5.335878,-0.024414062,0.059570312,0.8522949,29.894704
5.00,-0.8549618,6.412214,-4.2748092,-0.1015625,0.0253906252,1.0200195,29.941762
5.00,12.473283,-35.38168,3.3435114,-0.026123046,0.044921876,0.93359376,29.988822
5.00,5.816794,0.5496183,2.0305342,0.060302736,0.08886719,0.75268552,30.0358816
5.00,-9.40458,24.778626,-4.5343512,0.044433592,0.049560548,0.80371096,29.941762
6.00,2.259542,15.893129,-2.8854962,-0.104003908,0.00024414064,1.1047363,29.988822
6.00,10.290076,-23.435114,1.4580153,-0.010986328,0.022949218,0.89086916,30.0358816
6.00,7.374046,7.58015236,0.5038168,0.08862305,0.08203125,0.7038574,29.894704
6.00,-12.320611,27.404582,-5.847328,0.014892578,0.049072264,0.8234863,29.988822
6.00,0.793893168,9.656488,-0.70229008,-0.1262207,0.0034179688,1.1269531,29.988822
7.00,5.70229,-31.4427484,3.5801528,-0.026611328,0.036621092,0.90649416,29.988822
7.00,11.38168,-0.5801527,0.229007632,0.10913086,0.05859375,0.6899414,30.13
7.00,-0.977099264,20.755726,-2.519084,0.030517578,0.049072264,0.8305664,29.894704
7.00,7.7557256,18.053434,1.8091604,-0.068115232,-0.017822266,1.0634766,30.0358816
7.00,8.541985,-26.19084,2.7557252,-0.06542969,0.0078125,0.9929199,29.941762
7.00,-1.4732824,-11.267176,-2.7633588,0.06298828,0.07104492,0.7421875,29.941762
8.00,-2.5038168,30.87023,-4.1603056,0.032470704,0.050048828,0.820068336,29.988822
8.00,-3.5038168,15.0,-5.6183204,-0.06201172,0.034423828,0.9655762,30.0358816
8.00,14.916031,-25.847328,3.91603068,-0.056640624,-0.0012207031,1.0146484,30.0358816
8.00,5.2671756,10.748092,2.3587788,0.083740232,0.06591797,0.748535136,30.0358816
8.00,-4.847328,26.923664,-7.89313,0.02758789,0.042236328,0.8286133,29.941762
9.00,0.8396947,11.732824,0.3816794,-0.092041016,0.016357422,1.0356445,29.988822
9.00,25.969466,-28.977098,6.068702,0.0078125,0.009521484,0.9016113,29.847644
9.00,5.3893128,10.374045,-0.6259542,0.10864258,0.09448242,0.72314456,30.0358816
9.00,-19.503816,30.755726,-13.267176,0.0075683592,0.03149414,0.8156738,29.894704
9.00,-14.503817,25.419848,-7.442748,-0.0793457,-0.02709961,0.9770508,29.941762
9.00,19.335878,-16.259542,1.2519084,-0.08959961,-0.036621092,1.0078125,29.847644
10.00,16.305344,-20.0,5.2061068,0.02734375,0.022705078,0.8166504,29.941762
10.00,-4.7633584,12.992367,-0.13740458,0.08325195,0.052001952,0.733398436,29.894704
10.00,-12.541985,31.717558,-7.5648856,0.018066406,0.028564454,0.7192383,29.988822
10.00,10.320611,3.870229,-4.3587784,-0.14550781,-0.044433592,1.1767578,29.988822
10.00,12.0992368,-37.198476,2.870229,-0.034179688,-0.006591797,0.8703613,29.988822
10.00,3.076336,1.2137405,-0.03816794,0.055908204,0.048339844,0.7590332,30.0358816
10.00,-10.7786252,23.70229,-4.7175576,0.036132812,0.026611328,0.8293457,29.988822
11.00,8.671756,14.679389,0.3740458,-0.061035156,-0.02368164,0.98217776,30.08294
11.00,15.625955,-24.259542,4.3435116,-0.07324219,-0.0009765625,0.9980469,29.941762
11.00,13.770992,-13.5801532,1.78625952,0.07373047,0.05810547,0.7819824,29.847644
11.00,-6.0076336,14.770992,-2.335878,0.068359376,0.06762695,0.7507324,30.0358816
11.00,-5.7175576,27.694656,-4.2366416,-0.026367188,0.05883789,0.861084,29.941762
11.00,3.1068702,8.503817,-0.4427481,-0.12597656,-0.0007324219,1.0493164,29.941762
12.00,10.870229,-30.885496,1.832061,-0.013916016,0.023925782,0.8547363,29.941762
12.00,-4.3053436,4.5648856,-1.4427481,0.08496094,0.07397461,0.7126465,29.941762
12.00,-1.5114504,19.534352,-7.7709923,0.0068359376,0.03466797,0.86865232,29.894704
12.00,7.5496184,-0.045801528,0.099236648,-0.079833984,-0.013183594,1.0654297,30.0358816
12.00,16.412214,-30.961832,4.70229,0.0014648438,0.028320312,0.8808594,29.988822
12.00,0.6793893,12.137404,1.0534351,0.11816406,0.095703128,0.7121582,29.941762
13.00,-10.694656,27.4427484,-5.1603056,-0.015136719,0.02758789,0.8991699,29.988822
13.00,-0.244274816,4.9007636,-4.366412,-0.09643555,-0.015625,1.0939942,29.988822
13.00,-3.221374,-35.70229,-2.5648854,0.018554688,0.045410156,0.8574219,29.988822
13.00,18.755726,5.854962,4.923664,0.12866211,0.083496092,0.7277832,29.941762
13.00,-15.961832,40.48855,-3.8778628,0.03955078,0.041503908,0.85009768,29.941762
13.00,-9.427481,17.343512,-2.1221372,-0.0625,-0.018310546,0.96362308,29.941762
14.00,30.984734,-26.328246,4.9694656,-0.044677736,0.01171875,0.9326172,30.0358816
14.00,8.755725,-19.29771,-1.8091604,0.08911133,0.051513672,0.8125,29.988822
14.00,1.961832,20.946566,1.5038168,0.12036133,0.07397461,0.71875,29.988822
14.00,-13.053435,39.51145,-5.6946564,0.026123046,0.005859375,0.8391113,29.941762
14.00,-1.69465652,4.5343512,-1.72519084,-0.1484375,-0.052734376,1.050293,29.941762
14.00,18.93893,-34.984732,3.7251908,-0.03564453,0.0253906252,0.82373048,29.941762
15.00,6.1603056,13.442748,-0.03816794,0.14208984,0.072265624,0.640625,29.941762
15.00,-6.740458,44.15267,-7.061069,-0.0014648438,0.059570312,0.8093262,30.08294
15.00,-3.961832,15.480916,-3.091603,-0.1845703,0.0021972656,1.0805664,29.988822
15.00,11.671756,-40.572516,2.6259542,-0.075927736,-0.024658204,0.9147949,29.894704
15.00,8.4198472,-9.244275,-1.0610686,0.0546875,0.09716797,0.78222652,29.988822
16.00,-6.4198476,27.91603,-3.038168,0.017822266,0.040527344,0.8588867,29.988822
16.00,-21.091602,22.274808,-8.511451,-0.15991211,-0.022949218,0.99316408,29.894704
16.00,16.152672,-30.496184,5.221374,-0.0922851568,-0.02734375,0.99121096,30.0358816
16.00,16.259542,-19.992366,0.061068704,0.06616211,0.09887695,0.6887207,29.941762
16.00,-3.8396948,25.664122,0.3816794,0.044677736,0.068847656,0.7702637,30.0358816
16.00,-26.595418,32.068704,-10.175572,-0.08959961,0.016601562,0.88012696,30.0358816
17.00,29.167938,-14.557252,9.4198472,-0.14770508,-0.047851564,1.0341797,30.0358816
17.00,12.541985,-29.221374,1.7709924,0.041503908,0.05859375,0.81933592,29.988822
17.00,4.9083968,26.8015268,1.9694656,0.03173828,0.049072264,0.8901367,29.988822
17.00,-12.496183,23.038168,-4.625954,-0.106933592,0.028808594,1.0083008,29.988822
17.00,17.458016,-31.274808,4.10687,-0.092041016,-0.029541016,1.0627442,29.894704
18.00,13.175572,-21.717558,4.2137404,0.03149414,0.06591797,0.7746582,29.988822
18.00,4.2748092,10.664123,0.007633588,0.103515624,0.08520508,0.6574707,29.988822
18.00,-9.320611,26.206106,-1.961832,-0.020019532,0.02734375,0.8691406,29.941762
18.00,-12.480916,23.587786,-3.221374,-0.07836914,0.018798828,0.99975584,29.847644
18.00,16.404582,-24.656488,5.3816796,-0.13452148,0.0053710936,1.0126953,29.941762
18.00,7.4274808,-35.908396,-1.5267176,0.015625,0.03491211,0.87402344,29.894704
18.00,9.015267,-0.8091603,7.16793836,0.14428711,0.10180664,0.57910156,29.941762
19.00,-9.40458,45.85496,-4.80916,0.036376952,0.004638672,0.79345704,29.988822
19.00,-20.503816,24.419848,-5.5496184,-0.08569336,-0.021240234,0.9572754,29.894704
19.00,18.022902,-23.625954,2.6717558,-0.09887695,-0.0554199232,1.0585938,29.894704
19.00,22.5190832,-8.755725,1.72519084,0.09423828,0.07324219,0.6694336,29.894704
19.00,-13.030535,26.091602,-3.91603068,0.06738281,0.057373048,0.7331543,29.941762
19.00,-8.374045,33.38168,-6.3587784,-0.18530274,-0.0461425784,1.0771484,29.988822
20.00,7.2366416,-10.38168,-2.5801528,-0.19604492,-0.08544922,1.1477051,29.941762
20.00,20.267176,-51.23664,4.0076336,0.021240234,-0.007080078,0.74731448,29.894704
20.00,6.335878,3.0687022,-1.3664122,0.13720703,0.10180664,0.60791016,29.988822
20.00,-14.267176,43.045804,-6.038168,0.00732421868,0.037353516,0.7663574,29.941762
20.00,4.9847324,16.206106,1.4580153,-0.12158203,-0.068603512,1.0634766,29.988822
20.00,21.122138,-35.984732,1.0839695,-0.08691406,-0.01928711,1.0046387,29.941762
21.00,10.030535,-17.57252,0.7099237,0.12841797,0.06298828,0.68725584,29.988822
21.00,-1.5343511,25.87023,-2.389313,0.09692383,0.044677736,0.7937012,29.941762
21.00,-22.290078,49.755724,-13.664123,-0.052490236,0.057128908,0.864501936,29.988822
21.00,-1.3587786,15.412213,-0.1908397,-0.15454102,-0.05126953,0.9748535,29.988822
21.00,21.534352,-43.160304,7.335878,-0.030273438,-0.06347656,0.88916016,29.894704
21.00,27.534352,-17.099238,-1.3740458,0.033447264,0.13378906,0.810791,29.894704
22.00,-18.465648,39.17557,2.312977,0.13574219,0.09887695,0.55322268,29.988822
22.00,-30.51145,46.435116,-9.984733,-0.19335938,-0.0214843736,1.0244141,29.988822
22.00,17.335878,9.061069,3.6793892,-0.14624024,-0.087402344,1.0197754,29.941762
22.00,20.595418,-45.572516,0.27480916,-0.087646488,-0.047851564,0.9250488,29.847644
22.00,14.717557,-17.587786,-1.7480916,0.10839844,0.07373047,0.68774416,29.941762
22.00,-23.076336,27.977098,1.6793894,0.012451172,0.024902344,0.8796387,29.941762
23.00,-13.374045,17.946566,-4.1297708,-0.15991211,-0.0075683592,1.1315918,29.988822
23.00,6.6412216,-13.603053,-0.015267176,-0.12988281,-0.091308592,1.1196289,30.08294
23.00,33.480916,-14.480916,3.5038168,0.049316408,-0.031982422,0.84643552,29.941762
23.00,2.1145038,7.6412216,-1.5801526,0.111083984,0.0952148432,0.5148926,29.894704
23.00,-0.16793894,33.671756,-0.10687023,-0.07495117,-0.02368164,1.0864258,29.847644
23.00,7.3969464,-10.297709,-1.9007634,-0.18237304,-0.118896488,1.2036133,29.894704
24.00,26.12977,-11.572519,0.343511468,-0.0053710936,-0.036376952,0.95043944,29.894704
24.00,9.068703,-2.221374,-0.4351145,0.04663086,0.076416016,0.59594724,29.894704
24.00,-23.549618,8.358779,-0.35114504,-0.0146484368,-0.0009765625,0.8171387,29.847644
24.00,-15.709924,15.030535,-2.9541984,-0.057128908,-0.10571289,1.0153808,29.894704
24.00,32.687024,-5.9694656,-1.9236641,-0.034179688,-0.08544922,0.9645996,29.941762
25.00,27.725192,-8.648855,-1.3282443,0.028808594,0.05883789,0.6948242,29.894704
25.00,-22.984734,7.0229008,-0.870229,0.0,0.010253906,0.7854004,29.941762
25.00,-22.351144,13.045801,2.3740458,-0.049560548,-0.09326172,0.9663086,29.941762
25.00,20.145038,-5.076336,-2.793893,-0.0703125,-0.0949707,1.0698242,29.894704
25.00,35.9771,-3.351145,3.2824428,-0.0053710936,0.01977539,0.74609376,29.894704
25.00,-3.2137404,5.0610684,-2.610687,0.021972656,0.1328125,0.57250976,29.988822
26.00,-32.923664,33.053436,1.7328244,-0.018066406,0.0034179688,0.79663084,29.894704
26.00,30.671754,0.86259544,1.80152668,-0.07739258,-0.08642578,1.0656738,29.988822
26.00,45.755724,-9.625955,4.885496,-0.07421875,0.0637207,0.7548828,29.894704
26.00,0.221374052,-6.5725192,-3.1526718,0.052001952,0.16674804,0.5300293,29.941762
26.00,-19.648856,5.2366416,2.1450382,-0.024658204,0.07446289,0.8293457,29.988822
26.00,-24.977098,18.992366,0.5038168,-0.06591797,-0.057617188,0.9621582,29.894704
27.00,-1.9694656,2.5038168,-0.6870229,-0.11035156,-0.140625,1.2460938,29.988822
27.00,44.030532,-11.59542,3.351145,-0.08227539,-0.044433592,0.945068336,29.941762
27.00,32.183204,-7.41984736,1.832061,0.00048828124,0.07861328,0.690917936,29.941762
27.00,-12.152672,10.664123,-0.8091603,0.0703125,0.1784668,0.5422363,29.847644
27.00,-35.8854968,22.335878,-2.2442748,-0.053710936,0.020263672,0.8918457,29.894704
27.00,-9.702291,13.488549,-1.0152671,-0.12719726,-0.09716797,1.0529785,29.894704
28.00,34.045804,-13.335877,3.1450382,-0.075927736,-0.0690918,0.9892578,29.941762
28.00,24.908398,-17.08397,4.4274808,0.030761718,0.050048828,0.74975584,29.941762
28.00,-22.076336,12.916031,-4.961832,0.041015624,0.057373048,0.70996092,29.847644
28.00,-27.93893,22.526718,-0.4961832,-0.08569336,-0.051513672,0.9680176,29.941762
28.00,3.7633588,-5.8396944,-2.9923664,-0.16772461,-0.118652344,1.1696777,29.847644
28.00,31.984734,-7.2290077,5.9847324,-0.0793457,-0.018554688,0.8442383,29.941762
29.00,12.977099,-11.5801528,-5.412214,0.044921876,0.11303711,0.6220703,29.894704
29.00,-20.5572516,15.793893,1.5496184,0.0056152344,0.032958984,0.7758789,29.847644
29.00,-30.687024,21.404582,-0.78625952,-0.07055664,-0.09423828,0.9963379,29.894704
29.00,20.25191,-9.61832,-1.1145039,-0.06665039,-0.11230469,1.09375,29.847644
29.00,33.129772,-10.458015,1.908397,0.00390625,-0.033691408,0.7956543,29.988822
29.00,8.083969,-1.1374046,-4.5648856,0.099121096,0.107421868,0.5366211,29.941762
29.00,-12.427481,17.770992,2.5648854,0.0253906252,0.028808594,0.8076172,29.847644
30.00,-33.587788,12.435115,-1.7557252,-0.10644531,-0.16674804,1.0839844,29.800586
30.00,26.282442,-2.9389312,1.0763359,-0.061523436,-0.099853512,1.0632324,29.847644
30.00,34.870228,-10.557252,0.9389313,-0.01171875,0.028808594,0.78125,29.941762
30.00,-5.7099236,8.061069,0.08396947,0.06713867,0.110839836,0.5986328,29.847644
30.00,-20.32061,15.526717,-1.5496184,-0.028564454,-0.0056152344,0.845459,29.847644
31.00,-11.480916,7.1374045,0.64122132,-0.08691406,-0.11694336,1.1079102,29.894704
31.00,22.404582,-12.0992368,-4.6106872,-0.052490236,-0.032714844,0.89282224,29.847644
31.00,25.412214,5.7862596,3.129771,0.040527344,0.048828124,0.67871096,29.800586
31.00,-20.06107,9.801527,-1.1374046,0.0,0.05102539,0.8041992,29.941762
31.00,-22.709922,16.091602,-3.5419848,-0.03173828,-0.080078132,0.9458008,30.0358816
31.00,14.687023,-16.183206,-3.1526718,-0.0383300768,-0.09692383,1.0458984,29.894704
32.00,27.778626,-2.221374,-0.71755732,-0.017333984,-0.010498047,0.7915039,29.894704
32.00,-6.7557256,3.664122,-0.83206104,0.068847656,0.11791992,0.5732422,29.941762
32.00,-16.114504,17.908398,4.9465648,-0.04296875,-0.041259764,0.90405272,29.894704
32.00,-5.4351144,3.740458,-1.4274809,-0.08105469,-0.13476562,1.1279297,30.0358816
32.00,28.580152,-13.366412,-1.5801526,0.00732421868,0.021240234,0.7392578,29.847644
32.00,0.29007636,9.396947,1.3587786,0.08935547,0.11206055,0.5734863,29.988822
33.00,-12.0992368,24.267176,-4.2290076,0.032714844,0.01928711,0.88500976,29.847644
33.00,1.4580153,-4.80916,2.557252,-0.0068359376,-0.12231445,1.1477051,29.894704
33.00,24.412214,-12.328244,3.0229008,-0.0146484368,-0.053710936,0.78930664,29.847644
33.00,2.206107,11.458015,-2.8015268,0.049804688,0.0949707,0.65478516,29.847644
33.00,-18.717558,9.40458,2.908397,0.016357422,-0.00732421868,0.8725586,29.941762
34.00,7.31297736,-0.045801528,0.64122132,-0.06542969,-0.11621094,1.1916504,29.941762
34.00,27.549618,-7.923664,4.8396944,0.06518555,-0.059814452,0.9482422,29.941762
34.00,-2.7480916,-7.2442744,-1.8091604,0.08325195,0.09814453,0.5966797,29.847644
34.00,-17.274808,34.450384,-0.33587788,0.00732421868,0.0253906252,0.813964836,29.941762
34.00,-9.847328,4.2900764,0.480916032,-0.044433592,-0.059570312,0.9711914,29.847644
35.00,22.656488,-9.290076,2.6412212,0.0063476564,-0.044677736,0.9238281,29.847644
35.00,12.687023,0.648855,-0.8244275,0.07788086,0.07739258,0.6418457,29.988822
35.00,-16.053434,5.923664,-6.442748,0.048583984,0.0107421868,0.8005371,29.847644
35.00,-18.374046,23.1984732,5.6488548,-0.02709961,-0.08276367,0.9848633,29.847644
35.00,7.29007636,-0.78625952,-2.2671756,-0.05078125,-0.13476562,1.1450195,29.894704
35.00,30.625954,-9.198473,-1.3969466,-0.013916016,-0.03955078,0.84814456,29.847644
35.00,20.610688,-0.6259542,-3.053435,0.061035156,0.07397461,0.6047363,29.941762
36.00,-22.137406,-3.7175572,-6.2137404,0.02368164,0.00390625,0.84375,29.847644
36.00,-18.473282,25.496184,0.8854962,-0.053466796,-0.033447264,1.0361328,29.847644
36.00,5.3511452,-17.38168,-1.1832061,-0.06347656,-0.13989258,1.1379394,29.988822
36.00,21.335878,-8.541985,-6.7557256,-0.008056641,-0.014892578,0.8129883,29.988822
36.00,10.40458,0.8778626,-6.7099236,0.079833984,0.04345703,0.62109376,29.753528
36.00,-18.564886,2.1755726,-1.3740458,0.037109376,0.0107421868,0.7902832,29.941762
37.00,-17.633586,19.23664,-2.4122138,-0.045898436,-0.10839844,1.0600586,29.941762
37.00,28.404582,-11.656488,3.908397,-0.0007324219,-0.11401367,1.0490723,29.800586
37.00,18.42748,-16.61832,-6.0305344,0.018798828,0.028076172,0.7092285,29.894704
37.00,-1.5801526,14.351145,1.9312977,0.057617188,0.057861328,0.5932617,29.847644
37.00,-20.114504,15.549619,2.7328244,0.028076172,-0.007080078,0.89208984,29.800586
37.00,2.6259542,3.8473282,2.3053436,-0.060302736,-0.16064453,1.2207031,29.894704
38.00,27.160306,-13.969465,1.0076336,-0.04296875,-0.0397949216,0.9189453,29.847644
38.00,12.877863,-11.183207,-5.038168,0.075683592,0.0766601536,0.5654297,29.894704
38.00,-16.442749,21.091602,1.908397,0.03857422,0.014892578,0.84350584,29.847644
38.00,-12.519084,16.282442,3.053435,-0.018066406,-0.059326172,1.027832,29.847644
38.00,14.78626,-16.824426,1.1603054,-0.0390625,-0.064697268,1.0656738,29.894704
38.00,22.671754,-8.763359,2.7480916,0.03955078,0.026611328,0.7871094,29.753528
39.00,5.7251908,7.54198436,-1.3282443,0.07885742,0.095947268,0.57543948,29.800586
39.00,-25.664122,27.595418,-5.4732824,0.00366210936,0.012939453,0.8312988,29.800586
39.00,9.916031,4.1603056,0.64122132,-0.078125,-0.09057617,1.1062012,29.941762
39.00,28.687024,-9.816793,7.816794,-0.040527344,-0.0390625,0.873535168,29.800586
39.00,15.59542,-8.152672,-2.3740458,0.033447264,0.07006836,0.6687012,29.847644
39.00,-21.4427484,20.022902,-1.778626,0.009277344,-0.0007324219,0.8066406,29.800586
40.00,-12.572519,5.221374,1.8091604,-0.050048828,-0.08154297,1.0620117,29.847644
40.00,25.007634,-5.076336,0.4961832,-0.016357422,-0.05517578,0.97680664,29.847644
40.00,25.687024,-2.3587788,3.7862596,0.042236328,0.056396484,0.6816406,29.894704
40.00,-26.8015268,3.80916032,-6.90076336,0.0390625,0.099853512,0.69750976,29.753528
40.00,-17.954198,14.7404568,2.2290078,-0.03173828,-0.034423828,0.9458008,29.800586
40.00,17.12977,-3.80916032,1.7328244,-0.029296875,-0.0769043,1.1157226,29.894704
41.00,32.603054,-5.412214,1.8625954,0.03564453,0.0029296876,0.8100586,29.847644
41.00,-5.9083968,3.427481,-0.5954198,0.0554199232,0.08984375,0.681884736,29.894704
41.00,-13.885496,22.564886,0.488549632,-0.005859375,0.015380859,0.78759768,29.894704
41.00,19.10687,-12.648855,-0.099236648,-0.0539550768,-0.06201172,1.1054688,29.894704
41.00,24.206106,-8.648855,-0.8015267,0.03125,0.009033203,0.7998047,29.894704
42.00,-12.519084,8.083969,-4.70229,0.072265624,0.0690918,0.6245117,29.847644
42.00,-22.778626,26.8015268,-4.259542,0.045898436,-0.015380859,0.8469238,29.847644
42.00,3.7862596,1.80152668,-0.2977099,-0.061279296,-0.13671875,1.2399902,29.894704
42.00,23.91603,-6.7099236,9.664123,-0.05517578,-0.052001952,0.9133301,29.941762
42.00,9.358779,4.89313,-2.091603,0.05126953,0.07714844,0.58740232,29.847644
42.00,-15.145039,20.12977,-1.3740458,-0.045410156,0.025634766,0.7651367,29.800586
43.00,-16.946566,5.9770992,-5.076336,-0.07910156,-0.140625,1.1279297,29.753528
43.00,24.61832,-1.6412214,5.7633584,-0.111083984,-0.055908204,0.9116211,29.894704
43.00,5.152672,0.28244276,-5.0229008,0.025878906,0.059326172,0.6323242,29.847644
43.00,-15.679389,6.7099236,-1.68702284,-0.009033203,0.005126953,0.84399416,29.894704
43.00,-20.4809168,11.4198472,-8.053435,-0.032226564,-0.075683592,0.9824219,29.753528
43.00,24.335878,-0.1908397,3.8015268,-0.023925782,-0.06274414,0.9733887,29.800586
44.00,26.08397,-6.0152676,1.6259542,-0.009521484,-0.02734375,0.78515624,29.941762
44.00,7.19084,-2.0,-1.4045801,0.029785156,0.08691406,0.6425781,29.847644
44.00,-9.770992,12.0992368,-5.9007636,0.0034179688,0.02709961,0.8269043,29.847644
44.00,-22.5572516,26.259542,0.5114504,-0.1015625,-0.07519531,1.0830078,29.941762
44.00,20.549618,-14.38168,-0.473282468,-0.083984376,-0.07080078,1.0683594,29.894704
44.00,24.412214,-19.564886,-3.793893,0.026367188,0.004638672,0.8173828,29.941762
45.00,14.129771,4.3511452,0.90076332,0.05126953,0.06542969,0.60839844,29.894704
45.00,-13.473283,10.946565,-0.9694657,-0.048583984,0.0078125,0.87060544,29.800586
45.00,-17.8396944,17.42748,-2.7709922,-0.052734376,-0.030761718,1.0375976,29.800586
45.00,12.244275,-4.3435116,1.648855,-0.0690918,-0.05029297,1.0021973,29.847644
45.00,26.91603,-10.274809,2.6183208,0.013183594,-0.008544922,0.81762696,29.847644
45.00,5.885496,6.480916,-1.2748091,0.01953125,0.09887695,0.5876465,29.894704
46.00,-14.954199,23.1603052,2.2442748,-0.0476074216,0.016601562,0.8510742,29.894704
46.00,-8.633588,8.045801,-3.41221368,-0.175781252,-0.16381836,1.2402344,29.894704
46.00,19.10687,-23.267176,-2.442748,-0.111816408,-0.07421875,0.97558592,29.894704
46.00,24.541984,-7.854962,-3.0839694,-0.0031738282,0.0476074216,0.64624024,29.894704
46.00,-11.198473,8.129771,-4.0916032,0.0063476564,0.037841796,0.70166016,29.800586
46.00,-23.48855,31.206106,-3.0458016,-0.1027832,-0.08178711,0.9562988,29.847644
46.00,10.267176,-7.068702,3.70229,-0.119628904,-0.09326172,1.0866699,29.847644
47.00,26.145038,-8.061069,10.21374,-0.029785156,-0.072753908,0.8469238,29.800586
47.00,13.755725,-3.39694668,-2.816794,-0.0043945312,0.0793457,0.6425781,29.894704
47.00,-26.328246,13.427481,-9.465649,-0.016113282,-0.0041503908,0.7902832,29.941762
47.00,-4.1297708,25.954198,2.129771,-0.09423828,-0.10058594,0.9741211,29.847644
47.00,11.725191,-20.206106,1.6564885,-0.064208984,-0.09887695,1.0585938,29.800586
47.00,25.603054,-10.129771,0.60305348,0.0007324219,-0.026367188,0.8125,29.894704
48.00,-18.954198,12.2213744,-4.4885496,-0.010498047,0.064453124,0.63720704,29.847644
48.00,-23.366414,22.10687,-3.259542,-0.04711914,-0.1105957,0.9267578,29.941762
48.00,11.320611,-8.206107,-0.07633588,-0.052246092,-0.122802732,1.0241699,29.847644
48.00,30.648856,-12.229008,0.54198476,0.049316408,-0.07348633,0.8496094,29.894704
48.00,11.603053,0.9847328,-6.9465648,0.05908203,0.0925293,0.63183592,29.847644
49.00,-12.366412,24.946566,1.1374046,-0.0107421868,0.010498047,0.8041992,29.847644
49.00,-18.1603052,8.923664,5.8778624,-0.10229492,-0.109375,1.0981445,29.847644
49.00,25.053434,-9.343512,-2.6183208,-0.061035156,-0.11035156,0.986084,29.847644
49.00,20.213742,-6.6183204,-0.9541985,0.025146484,0.037597656,0.6567383,29.894704
49.00,-14.908397,8.083969,-1.80152668,0.011962891,-0.036621092,0.765625,29.847644
49.00,-7.58015236,9.862596,3.038168,-0.07055664,-0.09326172,1.060791,29.847644
50.00,15.4198468,-12.19084,-1.1374046,-0.040283204,-0.06225586,0.9772949,29.941762
50.00,22.038168,-7.2824424,-1.4351145,-0.0214843736,-0.001953125,0.7824707,29.847644
50.00,-11.511451,12.80916,-2.1450382,-0.0078125,-0.0017089844,0.78564456,29.800586
50.00,-11.145039,15.175572,-0.9847328,-0.08129883,-0.08642578,0.9824219,29.894704
50.00,25.534352,-16.198473,4.152672,-0.07910156,-0.08886719,1.0532226,29.753528
51.00,25.053434,-11.137404,-2.7557252,0.03857422,0.018310546,0.7036133,29.753528
51.00,-9.312977,17.42748,0.03816794,0.025878906,0.10522461,0.6386719,29.894704
51.00,-25.93893,8.908397,0.55725192,-0.01171875,-0.049316408,0.976318336,29.894704
51.00,24.404582,-7.9541984,0.57251908,-0.024414062,-0.0859375,1.0463867,29.894704
51.00,27.183206,-17.664122,-0.6870229,0.030273438,0.016113282,0.7451172,29.753528
51.00,-7.152672,13.083969,3.465649,0.0461425784,0.0690918,0.68237304,29.800586
52.00,-24.473282,18.625954,2.1908398,0.049316408,-0.017333984,0.867431632,29.941762
52.00,-4.1221376,3.7862596,-2.3969466,-0.057617188,-0.15576172,1.1713867,29.847644
52.00,34.076336,-17.076336,1.3664122,-0.010498047,-0.040283204,0.9370117,29.894704
52.00,26.946566,-5.412214,-2.7175572,0.06616211,0.059570312,0.68115232,29.894704
52.00,-22.1603052,18.175574,2.6335878,0.03125,0.06738281,0.6972656,29.847644
52.00,-30.91603,12.030535,-0.65648852,-0.004638672,-0.0715332,1.0544434,29.941762
53.00,10.534351,-0.03816794,2.1068702,-0.005126953,-0.14135742,1.2067871,29.847644
53.00,30.908398,-14.122137,2.183206,-0.0024414062,-0.035888672,0.87890624,29.941762
53.00,16.977098,1.3358779,-2.4961832,0.0769043,0.053710936,0.66845704,29.847644
53.00,-16.633586,16.648856,2.427481,0.048339844,0.023925782,0.701416,29.894704
53.00,-30.015266,14.312977,-3.3435114,-0.00366210936,-0.052734376,1.0529785,29.800586
53.00,19.122138,-10.526717,-0.03816794,0.020019532,-0.12133789,1.1240234,29.847644
53.00,26.396946,-11.80916,-3.908397,0.034179688,-0.020751954,0.80859376,29.847644
54.00,10.068703,4.412214,-0.77099232,0.10058594,0.08691406,0.5776367,29.894704
54.00,-16.816794,11.297709,2.778626,0.048583984,-0.00048828124,0.92163084,29.800586
54.00,-7.26717536,21.8396944,2.0458016,-0.022216796,-0.049072264,1.0375976,29.800586
54.00,18.091602,-9.763359,-3.0229008,0.03125,-0.061035156,0.9929199,29.847644
54.00,24.5572516,-1.3969466,-1.6412214,0.04321289,0.049804688,0.7043457,29.894704
54.00,-19.1603052,12.374045,-2.0610688,0.048095704,0.041748048,0.72509768,29.941762
55.00,-15.832061,22.496184,4.0610684,-0.017822266,-0.06298828,0.9794922,29.847644
55.00,7.885496,-19.015266,-1.610687,-0.011962891,-0.087646488,1.1411133,29.800586
55.00,21.885496,0.3816794,-0.08396947,-0.0031738282,-0.0075683592,0.773681636,29.941762
55.00,6.740458,0.9541985,-1.1221374,0.12133789,0.10058594,0.52563476,29.847644
55.00,-23.67939,24.854962,2.6717558,0.0871582,-0.0024414062,0.73583984,29.941762
55.00,0.6335878,14.923664,5.1755724,-0.00366210936,-0.13574219,1.1330566,29.800586
56.00,21.641222,-17.167938,-1.4427481,-0.025878906,-0.0690918,1.0070801,29.847644
56.00,31.08397,-6.1221376,2.6030534,0.033203124,0.0539550768,0.6953125,29.847644
56.00,-13.106871,16.595418,-2.0610688,0.084228516,0.11450195,0.5800781,29.894704
56.00,-18.343512,25.70229,-0.2519084,-0.015380859,-0.0056152344,0.8754883,29.894704
56.00,-2.4198472,7.61832036,-0.007633588,-0.05908203,-0.12548828,1.197998,29.847644
57.00,23.908398,-9.839695,4.4351144,0.00366210936,-0.013671875,0.83081052,29.800586
57.00,-2.259542,1.5496184,-4.412214,0.07714844,0.115234376,0.5932617,29.941762
57.00,-18.595418,16.396946,-1.2824427,0.048339844,0.017089844,0.7548828,29.988822
57.00,-4.885496,22.038168,-0.3816794,-0.024169922,-0.15234375,1.1750488,29.800586
57.00,29.862594,-17.465648,-5.2061068,0.02734375,-0.07714844,0.9111328,29.847644
57.00,25.80916,-17.885496,0.5038168,0.0859375,0.07397461,0.6447754,29.988822
58.00,-22.992366,24.328246,0.33587788,0.064453124,0.0053710936,0.7734375,29.894704
58.00,-20.0,9.824428,2.8778628,-0.0126953128,-0.09326172,1.0991211,29.847644
58.00,17.992366,-13.290076,-3.442748,0.013916016,-0.06225586,1.0070801,29.894704
58.00,29.290078,-8.748092,7.9923668,0.060302736,0.036132812,0.735351536,29.847644
58.00,-17.221374,16.076336,-1.5038168,0.08984375,0.07739258,0.59399416,29.941762
58.00,-17.0,28.61832,-1.2900764,-0.013671875,-0.02319336,0.9375,29.941762
59.00,6.4274808,-9.015267,-1.4503816,0.0026855468,-0.103759768,1.1455078,30.0358816
59.00,27.57252,-11.183207,6.0,0.14013672,-0.036132812,0.840332064,29.941762
59.00,-1.389313,13.7786252,0.091603052,0.118652344,0.099121096,0.5761719,29.847644
59.00,-23.145038,21.358778,-2.2366412,0.036376952,-0.03466797,0.9416504,29.800586
59.00,8.648855,-9.015267,-0.57251908,-0.0053710936,-0.10083008,1.1118164,29.847644
60.00,28.030534,-5.671756,2.1603052,0.08276367,-0.04736328,0.892334,29.800586
